http://fourhourworkweek.com/2008/02/25/the-science-of-fat-loss-why-a-calorie-isnt-always-a-calorie/,'The Science of Fat-Loss: Why a Calorie Isn''t Always a Calorie',http://tim.blog/2008/02/25/the-science-of-fat-loss-why-a-calorie-isnt-always-a-calorie/,Unread
http://fourhourworkweek.com/2007/04/06/how-to-lose-20-lbs-of-fat-in-30-days-without-doing-any-exercise/,How to Lose 20 lbs. of Fat in 30 Days… Without Doing Any Exercise,http://tim.blog/2007/04/06/how-to-lose-20-lbs-of-fat-in-30-days-without-doing-any-exercise/,Unread
http://fourhourworkweek.com/2016/12/14/mental-toughness/,How to Develop Mental Toughness Lessons From 8 Titans,How to Develop Mental Toughness: Lessons From 8 Titans http://bit.ly/2hgCqwv,Unread
http://fourhourworkweek.com/2016/12/10/the-unusual-books-that-shaped-50-billionaires-mega-bestselling-authors-and-other-prodigies/,'The Unusual Books That Shaped 50+ Billionaires, Mega-Bestselling Authors, and Other Prodigies','The Unusual Books That Shaped 50+ Billionaires, Mega-Bestselling Authors, and Other Prodigies http://bit.ly/2gCYhSs',Unread
http://fourhourworkweek.com/2013/08/15/music-festivals/,28 Festivals and 8 Reasons They Can Change Your Life (Plus: Free Burning Man Tickets!) |||| The Blog of Author Tim Ferriss,,Unread
http://fourhourworkweek.com/2016/11/07/tools-of-titans-foreword-arnold-schwarzenegger-i-am-not-a-self-made-man/,Tools of Titans Foreword — Arnold Schwarzenegger!!! “I Am Not A Self-Made Man”,Tools of Titans Foreword — Arnold Schwarzenegger!!! “I Am Not A Self-Made Man” http://bit.ly/2fPjZla,Unread
http://fourhourworkweek.com/2016/10/27/my-pre-workout-breakfast-routine/,My Breakfast Routine Before Workouts,My Breakfast Routine Before Workouts http://bit.ly/2fnBeqZ,Unread
http://fourhourworkweek.com/2016/10/13/my-evening-routine-for-optimal-relaxation-and-sleep/,My Evening Routine for Optimal Relaxation and Sleep,My Evening Routine for Optimal Relaxation and Sleep http://bit.ly/2fGLLl0,Unread
http://fourhourworkweek.com/2016/03/04/5-million-week/,Real-World Blueprint for a $5-Million Week |||| The Blog of Author Tim Ferriss,Real-World Blueprint for a $5-Million Week |||| The Blog of Author Tim Ferriss http://bit.ly/2cLUXP7,Unread
http://fourhourworkweek.com/2016/09/22/peter-diamandiss-9-rules-for-building-a-successful-business/,Peter Diamandis’s 9 Rules For Building A Successful Business,Peter Diamandis’s 9 Rules For Building A Successful Business http://bit.ly/2cYhp8V,Unread
http://fourhourworkweek.com/2007/08/25/the-creativity-elixir-is-genius-on-demand-possible/,The Creativity Elixir: Is Genius On-Demand Possible? |||| The Blog of Author Tim Ferriss,,Unread
http://fourhourworkweek.com/2016/06/06/exclusive-unpublished-material-from-nyt-magazine-story-on-cancer/,EXCLUSIVE Unpublished Material from NYT Magazine Story on Cancer Metabolism,EXCLUSIVE: Unpublished Material from NYT Magazine Story on Cancer Metabolism http://bit.ly/29IDFl7,Unread
http://fourhourworkweek.com/2010/04/11/public-speaking-how-i-prepare-every-time/,Public Speaking – How I Prepare Every Time |||| The Blog of Author Tim Ferriss,,Unread
http://fourhourworkweek.com/2008/05/26/the-multitasking-virus-and-the-end-of-learning-part-2/,The Multitasking Virus and the End of Learning? Part 2 |||| The Blog of Author Tim Ferriss,,Unread
http://fourhourworkweek.com/2008/05/25/the-multitasking-virus-and-the-end-of-learning-part-1/,The Multitasking Virus and the End of Learning? Part 1 |||| The Blog of Author Tim Ferriss,,Unread
http://fourhourworkweek.com/2013/02/01/case-study-what-does-a-real-4-hour-workweek-look-like-with-a-family/,Case Study: What Does a Real 4-Hour Workweek Look Like…With a Family? |||| The Blog of Author Tim Ferriss,,Unread
http://fourhourworkweek.com/2007/07/27/the-10-most-common-words-you-should-stop-using-now/,The 10 Most Common Words You Should Stop Using Now |||| The Blog of Author Tim Ferriss,,Unread
http://fourhourworkweek.com/2011/03/15/copyeditors/,'So, You Want to Be a Writer? Read This First. |||| The Blog of Author Tim Ferriss',,Unread
http://fourhourworkweek.com/2008/09/04/stop-rationalizing-and-make-hard-decisions-learning-from-dr-king/,Stop Rationalizing and Make Hard Decisions: Learning from Dr. King |||| The Blog of Author Tim Ferriss,,Unread
http://fourhourworkweek.com/2010/09/06/kindness-naomi-nye/,Discovering Kindness In The Storm |||| The Blog of Author Tim Ferriss,,Unread
http://fourhourworkweek.com/2007/08/13/networking-tips-from-the-white-house/,Networking Tips from the White House |||| The Blog of Author Tim Ferriss,,Unread
http://fourhourworkweek.com/2015/08/26/how-to-build-a-world-class-network-in-record-time/,How to Build a World-Class Network in Record Time |||| The Blog of Author Tim Ferriss,,Unread
http://fourhourworkweek.com/2016/04/11/tim-ferriss-podcast-business/,How I Built a #1-Ranked Podcast With 60M+ Downloads |||| The Blog of Author Tim Ferriss,,Unread
http://fourhourworkweek.com/2008/09/15/rolf-potts-qa-the-art-of-long-term-world-travel-and-travel-writing/,Rolf Potts Q&A: The Art of Long-term World Travel… and Travel Writing |||| The Blog of Author Tim Ferriss,,Unread
http://fourhourworkweek.com/2014/02/19/anxiety-attacks-2/,'How to Cure Anxiety — One Workaholic’s Story, Six Techniques That Work |||| The Blog of Author Tim Ferriss',,Unread
http://fourhourworkweek.com/2009/01/12/nick-vijicic-get-back-up/,The Prescription for Self-Doubt: Watch This Video |||| The Blog of Author Tim Ferriss,,Unread
http://fourhourworkweek.com/2013/10/21/you-are-what-you-read-14-thought-leaders-share-their-bookshelves/,You Are What You Read: 14 Thought Leaders Share Their Bookshelves |||| The Blog of Author Tim Ferriss,,Unread
http://fourhourworkweek.com/2007/05/12/5-world-class-vices-for-less-than-5/,5 World-Class Vices for Less Than $5 |||| The Blog of Author Tim Ferriss,,Unread
http://fourhourworkweek.com/2016/03/27/how-to-live-in-the-moment/,How to Live in the Moment |||| The Blog of Author Tim Ferriss,,Unread
http://fourhourworkweek.com/2012/11/11/the-value-of-aggression-ode-to-dan-gable/,The Value of Aggression — Ode to Dan Gable |||| The Blog of Author Tim Ferriss,,Unread
http://fourhourworkweek.com/2016/03/29/deloading-phase/,Why You Need a “Deloading” Phase in Life,Why You Need a “Deloading” Phase in Life http://bit.ly/1XhQIh8,Unread
http://fourhourworkweek.com/2011/05/27/the-shortcut-to-the-shortcut-the-4-key-principles-of-the-4-hour-body/,The Shortcut to the Shortcut: The 4 Key Principles of The 4-Hour Body |||| The Blog of Author Tim Ferriss,,Unread
http://fourhourworkweek.com/2016/02/28/how-to-achieve-self-ownership/,How to Achieve Self-Ownership |||| The Blog of Author Tim Ferriss,,Unread
http://fourhourworkweek.com/2007/11/26/a-beginners-guide-how-to-rent-your-ideas-to-fortune-500-companies-plus-video/,'A Beginner''s Guide: How to Rent Your Ideas to Fortune 500 Companies (Plus: Video) |||| The Blog of Author Tim Ferriss',,Unread
http://fourhourworkweek.com/2015/11/29/magic-of-mindfulness/,'The Magic of Mindfulness: Complain Less, Appreciate More, and Live a Better Life |||| The Blog of Author Tim Ferriss',,Unread
http://fourhourworkweek.com/2009/04/13/stoicism-101-a-practical-guide-for-entrepreneurs/,Stoicism 101: A Practical Guide for Entrepreneurs |||| The Blog of Author Tim Ferriss,,Unread
http://fourhourworkweek.com/2014/02/13/anxiety-treatments/,Preventing Burnout: A Cautionary Tale |||| The Blog of Author Tim Ferriss,,Unread
http://fourhourworkweek.com/2009/09/21/how-to-lucid-dream/,'Lucid Dreaming: A Beginner''s Guide |||| The Blog of Author Tim Ferriss',,Unread
http://fourhourworkweek.com/2007/08/16/the-not-to-do-list-9-habits-to-stop-now/,The Not-To-Do List: 9 Habits to Stop Now |||| The Blog of Author Tim Ferriss,,Unread
http://fourhourworkweek.com/2008/12/18/pavel-8020-powerlifting-and-how-to-add-110-pounds-to-your-lifts/,Pavel: 80/20 Powerlifting and How to Add 110+ Pounds to Your Lifts |||| The Blog of Author Tim Ferriss,,Unread
http://fourhourworkweek.com/2009/07/28/the-big-question-are-you-better-than-yesterday/,The Big Question: Are You Better Than Yesterday? |||| The Blog of Author Tim Ferriss,,Unread
http://fourhourworkweek.com/2008/09/17/how-to-never-forget-anything-again/,How to Never Forget Anything Again |||| The Blog of Author Tim Ferriss,,Unread
http://fourhourworkweek.com/2016/02/02/how-to-practice-poverty-and-reduce-fear/,How to Practice Poverty and Reduce Fear |||| The Blog of Author Tim Ferriss,,Unread
http://fourhourworkweek.com/2007/11/29/lack-of-seriousness-the-last-interview-with-vonnegut/,Lack of Seriousness – The Last Interview with Vonnegut |||| The Blog of Author Tim Ferriss,,Unread
http://fourhourworkweek.com/2008/11/10/how-to-surf/,How to Surf Life: Attorney Turned Surf Guru |||| The Blog of Author Tim Ferriss,,Unread
http://fourhourworkweek.com/2015/10/29/startup-vacation-2/,'How to Say “No” When It Matters Most (or “Why I’m Taking a Long ‘Startup Vacation''”)','How to Say “No” When It Matters Most (or “Why I’m Taking a Long ‘Startup Vacation''”) http://bit.ly/1QezE8e',Unread
http://fourhourworkweek.com/2014/03/20/the-art-of-learning-joshua-waitzkin/,'The Art of Learning: The Tool of Choice for Top Athletes, Traders, and Creatives |||| The Blog of Author Tim Ferriss',,Unread
http://fourhourworkweek.com/2013/02/07/how-to-memorize-a-shuffled-deck-of-cards-in-less-than-60-seconds/,'How to Memorize a Shuffled Deck of Cards in Less Than 60 Seconds (Plus: $10,000 Challenge) |||| The Blog of Author Tim Ferriss',,Unread
http://fourhourworkweek.com/2015/10/13/polyamory/,Inside an “Anything Goes” Sex Club |||| The Blog of Author Tim Ferriss,,Unread
http://fourhourworkweek.com/2013/07/31/why-and-how-creative-people-need-to-say-no/,Why (and How) Creative People Need to Say No |||| The Blog of Author Tim Ferriss,,Unread
http://fourhourworkweek.com/2013/12/09/the-ugly-new-york-times-bestseller-the-creative-process-in-action/,The Ugly New York Times Bestseller — The Creative Process in Action |||| The Blog of Author Tim Ferriss,,Unread
http://fourhourworkweek.com/2012/10/09/stoicism-for-modern-stresses-5-lessons-from-cato/,Stoicism for Modern Stresses: 5 Lessons from Cato |||| The Blog of Author Tim Ferriss,,Unread
http://fourhourworkweek.com/2009/03/03/how-to-be-jason-bourne-multiple-passports-swiss-banking-and-crossing-borders/,'How to Be Jason Bourne: Multiple Passports, Swiss Banking, and Crossing Borders |||| The Blog of Author Tim Ferriss',,Unread
http://fourhourworkweek.com/2008/10/18/investment-series-preview-the-good-bye-and-f__k-you-letter/,Investment Series Preview: The |Good Bye and F__k You| Letter |||| The Blog of Author Tim Ferriss,,Unread
http://fourhourworkweek.com/2009/07/30/speed-reading-and-accelerated-learning/,Scientific Speed Reading: How to Read 300% Faster in 20 Minutes |||| The Blog of Author Tim Ferriss,,Unread
http://fourhourworkweek.com/2011/01/16/spot-reduction-revisited-removing-stubborn-thigh-fat/,Spot Reduction Revisited: Removing Stubborn Thigh Fat |||| The Blog of Author Tim Ferriss,,Unread
http://fourhourworkweek.com/2008/06/11/061108-picking-warren-buffetts-brain-notes-from-a-novice/,'Picking Warren Buffett''s Brain: Notes from a Novice |||| The Blog of Author Tim Ferriss',,Unread
http://fourhourworkweek.com/2013/04/03/the-first-ever-quantified-self-notes-plus-lsd-as-cognitive-enhancer/,The First-Ever Quantified Self Notes (Plus: LSD as Cognitive Enhancer?) |||| The Blog of Author Tim Ferriss,,Unread
http://fourhourworkweek.com/2008/01/27/relax-like-a-pro-5-steps-to-hacking-your-sleep/,Relax Like A Pro: 5 Steps to Hacking Your Sleep |||| The Blog of Author Tim Ferriss,,Unread
http://fourhourworkweek.com/2009/01/20/learning-language/,How to Learn Any Language in 3 Months |||| The Blog of Author Tim Ferriss,,Unread
http://fourhourworkweek.com/2014/12/23/4-hour-work-week-2015/,What I’d Add To The 4-Hour Workweek for 2015 (And Much More) |||| The Blog of Author Tim Ferriss,,Unread
http://fourhourworkweek.com/2013/07/14/how-to-travel-21-contrarian-rules/,How to Travel: 21 Contrarian Rules |||| The Blog of Author Tim Ferriss,,Unread
http://fourhourworkweek.com/2010/06/09/choice-effect-why-are-you-single/,'Why Are You Single? Perhaps It''s The Choice Effect |||| The Blog of Author Tim Ferriss',,Unread
http://fourhourworkweek.com/2007/09/04/new-research-and-a-dirty-truth-read-this-before-chasing-the-dollar/,New Research and a Dirty Truth: Read This Before Chasing the Dollar |||| The Blog of Author Tim Ferriss,,Unread
http://fourhourworkweek.com/2010/05/12/living-well-vs-doing-well/,The Difference: Living Well vs. Doing Well |||| The Blog of Author Tim Ferriss,,Unread
http://fourhourworkweek.com/2011/12/06/the-painless-path-to-endurance-plus-breville-winner-and-more/,The Painless Path to Endurance (Plus: Breville Winner and More) |||| The Blog of Author Tim Ferriss,,Unread
http://fourhourworkweek.com/2007/12/18/why-i-started-punching-jerks-again/,Why I Started Punching Jerks Again |||| The Blog of Author Tim Ferriss,,Unread
http://fourhourworkweek.com/2008/10/19/9-tricks-for-getting-a-table-and-being-a-vip-at-hot-restaurants/,9 Tricks for Getting a Table (and Being a VIP) at Hot Restaurants |||| The Blog of Author Tim Ferriss,,Unread
http://fourhourworkweek.com/2008/07/21/push-vs-pull-processes/,Push vs. Pull Processes |||| The Blog of Author Tim Ferriss,,Unread
http://fourhourworkweek.com/2008/01/23/depression-how-you-label-determines-how-you-feel/,Depression: How You Label Determines How You Feel |||| The Blog of Author Tim Ferriss,,Unread
http://fourhourworkweek.com/2007/11/15/how-to-test-drive-friends-and-irritate-people/,How to Test-Drive Friends and Irritate People |||| The Blog of Author Tim Ferriss,,Unread
http://fourhourworkweek.com/2007/09/26/the-top-5-uncommon-timesavers-for-bloggerswriters-plus-video-of-me-kissing-a-hairy-coo/,The Top 5 Uncommon Timesavers for Bloggers/Writers (Plus: Video of Me Kissing a Hairy Coo) |||| The Blog of Author Tim Ferriss,,Unread
http://fourhourworkweek.com/2007/09/14/the-top-5-reasons-to-be-a-jack-of-all-trades/,The Top 5 Reasons to Be a Jack of All Trades |||| The Blog of Author Tim Ferriss,,Unread
http://fourhourworkweek.com/2009/06/10/the-practicality-of-pessimism-stoicism-as-a-productivity-system/,The Practicality of Pessimism: Stoicism as a Productivity System |||| The Blog of Author Tim Ferriss,,Unread
http://fourhourworkweek.com/2012/12/11/how-to-play-the-guitar/,How to Finally Play the Guitar: 80/20 Guitar and Minimalist Music,,Unread
http://fourhourworkweek.com/2007/10/25/weapons-of-mass-distractions-and-the-art-of-letting-bad-things-happen/,The Art of Letting Bad Things Happen (and Weapons of Mass Distraction) |||| The Blog of Author Tim Ferriss,,Unread
http://fourhourworkweek.com/2010/11/21/bill-clinton-reality-distortion-field/,'How It Works: Clinton''s |Reality Distortion Field| Charisma |||| The Blog of Author Tim Ferriss',,Unread
http://fourhourworkweek.com/2015/01/15/morning-pages/,What My Morning Journal Looks Like |||| The Blog of Author Tim Ferriss,,Unread
http://fourhourworkweek.com/2013/04/04/how-to-make-1000000-selling-e-books-tactics-and-case-studies/,'How to (Really) Make $1,000,000 Selling E-Books – Real-World Case Studies |||| The Blog of Author Tim Ferriss',,Unread
http://fourhourworkweek.com/2014/03/21/how-to-learn-a-foreign-language-2/,12 Rules for Learning Foreign Languages in Record Time — The Only Post You’ll Ever Need |||| The Blog of Author Tim Ferriss,,Unread
http://fourhourworkweek.com/2007/11/07/how-to-learn-but-not-master-any-language-in-1-hour-plus-a-favor/,How to Learn (But Not Master) Any Language in 1 Hour (Plus: A Favor) |||| The Blog of Author Tim Ferriss,,Unread
http://fourhourworkweek.com/2011/09/29/8-steps-to-getting-what-you-want-without-formal-credentials/,8 Steps to Getting What You Want… Without Formal Credentials |||| The Blog of Author Tim Ferriss,,Unread
http://fourhourworkweek.com/2015/05/25/morning-tea-thats-better-than-coffee/,The Morning Cocktail I Drink Instead Of Coffee,The Morning Cocktail I Drink Instead Of Coffee http://bit.ly/1e6QxSC,Unread
http://fourhourworkweek.com/2015/05/10/how-to-play-poker/,How Beginners Can (Sometimes) Beat Pros at Poker,How Beginners Can (Sometimes) Beat Pros at Poker http://bit.ly/1FcyxR7,Unread
http://fourhourworkweek.com/2015/05/06/how-to-commit-suicide/,Some Practical Thoughts on Suicide |||| The Blog of Author Tim Ferriss,,Unread
http://fourhourworkweek.com/2011/05/18/philosophy-as-a-personal-operating-system-from-seneca-to-musashi/,How to Use Philosophy as a Personal Operating System: From Seneca to Musashi |||| The Blog of Author Tim Ferriss,,Unread
http://fourhourworkweek.com/2007/12/05/how-to-take-notes-like-an-alpha-geek-plus-my-2600-date-challenge/,'How to Take Notes Like an Alpha-Geek (Plus: My $2,600 Date + Challenge) |||| The Blog of Author Tim Ferriss',,Unread
http://fourhourworkweek.com/2012/04/04/playing-b-ball-with-obama-6-steps-to-crossing-anything-off-your-bucket-list/,Playing B-Ball with Obama: 6 Steps to Crossing Anything Off Your Bucket List |||| The Blog of Author Tim Ferriss,,Unread
http://fourhourworkweek.com/2014/12/11/john-mcphee/,Writing with the Master – The Magic of John McPhee |||| The Blog of Author Tim Ferriss,,Unread
http://fourhourworkweek.com/2009/04/24/on-the-shortness-of-life-an-introduction-to-seneca/,On The Shortness of Life: An Introduction to Seneca |||| The Blog of Author Tim Ferriss,,Unread
http://fourhourworkweek.com/2014/10/29/the-books-that-shaped-billionaires-mega-bestselling-authors-and-other-prodigies/,'The Unusual Books That Shaped Billionaires, Mega-Bestselling Authors, and Other Prodigies |||| The Blog of Author Tim Ferriss',,Unread
http://fourhourworkweek.com/2014/10/27/beet-juice/,Is Beet Juice Really a Performance-Enhancing “Drug” Digging In…,Is Beet Juice Really a Performance-Enhancing “Drug”? Digging In… http://bit.ly/1u8DSFz,Unread
http://fourhourworkweek.com/2013/09/17/how-to-get-national-press-with-no-budget-plus-one-year-of-mentorship-from-alexis-ohanian/,How to Get National Press With No Budget (Plus: One Year of Mentorship from Alexis Ohanian) |||| The Blog of Author Tim Ferriss,,Unread
http://fourhourworkweek.com/2013/09/17/alexis-ohanian-reddit/,'From Dot-Com Zero to Hero: One Man''s Story |||| The Blog of Author Tim Ferriss',,Unread
http://fourhourworkweek.com/2014/10/04/how-to-travel-to-20-countries-and-build-a-massive-business-in-the-process/,How to Travel to 20+ Countries…While Building a Massive Business in the Process |||| The Blog of Author Tim Ferriss,,Unread
http://fourhourworkweek.com/2013/04/24/how-to-online-business/,'Case Studies: How to Build Online Businesses That Gross $250,000+ Per Month |||| The Blog of Author Tim Ferriss',,Unread
http://fourhourworkweek.com/2014/02/04/how-to-get-published/,How to Write a Bestselling Book This Year — The Definitive Resource List and How-To Guide |||| The Blog of Author Tim Ferriss,,Unread
http://fourhourworkweek.com/2014/08/25/the-art-of-strategic-laziness/,The Art of Strategic Laziness |||| The Blog of Author Tim Ferriss,,Unread
http://fourhourworkweek.com/2010/09/19/paleo-diet-solution/,How to Keep Feces Out of Your Bloodstream (or Lose 10 Pounds in 14 Days) |||| The Blog of Author Tim Ferriss,,Unread
http://fourhourworkweek.com/2014/08/19/homeopathic-medicine/,The Truth About “Homeopathic” Medicine,The Truth About “Homeopathic” Medicine http://bit.ly/1rnmrzC,Unread
http://fourhourworkweek.com/2014/08/08/carryon-luggage/,How to Never Check Luggage Again,How to Never Check Luggage Again http://bit.ly/1voPzbi,Unread
http://fourhourworkweek.com/2013/11/03/productivity-hacks/,'"Productivity" Tricks for the Neurotic, Manic-Depressive, and Crazy (Like Me) |||| The Blog of Author Tim Ferriss',,Unread
http://fourhourworkweek.com/2007/09/18/real-mind-control-the-21-day-no-complaint-experiment/,Real Mind Control: The 21-Day No-Complaint Experiment |||| The Blog of Author Tim Ferriss,,Unread
http://fourhourworkweek.com/2014/07/31/diamandis-abundance/,'What Steve Jobs, Thomas Edison, and Bob Dylan Have In Common','What Steve Jobs, Thomas Edison, and Bob Dylan Have In Common http://bit.ly/1sgyDQK',Unread
http://fourhourworkweek.com/2014/07/21/harrys-prelaunchr-email/,'How to Gather 100,000 Emails in One Week (Includes Successful Templates, Code, Everything You Need)','How to Gather 100,000 Emails in One Week (Includes Successful Templates, Code, Everything You Need) http://bit.ly/1sgyFrF',Unread
http://fourhourworkweek.com/2014/07/16/how-to-learn-any-language-in-record-time-and-never-forget-it/,How to Learn Any Language Fast and Never Forget It |||| The Blog of Author Tim Ferriss,,Unread
http://fourhourworkweek.com/2014/07/14/autoresponse/,Two E-Mail Autoresponses That Work,Two E-Mail Autoresponses That Work http://bit.ly/1o1CrF8,Unread
http://fourhourworkweek.com/2014/06/19/drawing-a-penny/,Why Can’t You Draw The Face of a Penny Understand the Reason and Learn Spanish Twice as Fast,Why Can’t You Draw The Face of a Penny? Understand the Reason and Learn Spanish Twice as Fast http://bit.ly/1pOS7wc,Unread
http://fourhourworkweek.com/2011/09/24/how-to-create-a-million-dollar-business-this-weekend-examples-appsumo-mint-chihuahuas/,'How to Create a Million-Dollar Business This Weekend (Examples: AppSumo, Mint, Chihuahuas) |||| The Blog of Author Tim Ferriss',,Unread
http://fourhourworkweek.com/2014/04/10/saunas-hyperthermic-conditioning-2/,Are Saunas the Next Big Performance-Enhancing “Drug”? |||| The Blog of Author Tim Ferriss,via The Blog of Author Tim Ferriss » Blog http://bit.ly/1hcRh71,Unread
http://www.fourhourworkweek.com/blog/2014/03/12/how-to-learn-a-foreign-language/,12 Rules for Learning Foreign Languages in Record Time — The Only Post You’ll Ever Need,via The Blog of Author Tim Ferriss http://bit.ly/1b6Um5F,Unread
http://www.fourhourworkweek.com/blog/2014/03/05/the-art-of-learning-joshua-waitzkin/,'The Art of Learning: The Tool of Choice for Top Athletes, Traders, and Creatives',via The Blog of Author Tim Ferriss http://bit.ly/1b6Um5F,Unread
http://www.fourhourworkweek.com/blog/2014/02/19/anxiety-attacks/,'How to Cure Anxiety — One Workaholic’s Story, Six Techniques That Work',via The Blog of Author Tim Ferriss http://bit.ly/1b6Um5F,Unread
http://www.fourhourworkweek.com/blog/2014/02/04/how-to-get-published/,How to Write a Bestselling Book This Year — The Definitive Resource List and How-To Guide,via The Blog of Author Tim Ferriss http://bit.ly/1b6Um5F,Unread
http://www.fourhourworkweek.com/blog/2014/02/13/anxiety-treatments/,Preventing Burnout: A Cautionary Tale,via The Blog of Author Tim Ferriss http://bit.ly/1b6Um5F,Unread
http://www.fourhourworkweek.com/blog/2014/01/28/cancer-treatment/,'Potential Tactics for Defeating Cancer — A Toolkit in 1,000 Words',via The Blog of Author Tim Ferriss http://bit.ly/1b6Um5F,Unread
http://www.fourhourworkweek.com/blog/2013/12/23/one-month-with-no-phone-how-to-go-phoneless-in-a-major-us-city/,One Month with No Phone -- How to Go Phoneless in a Major US City,via The Blog of Author Tim Ferriss http://www.fourhourworkweek.com/blog,Unread
http://www.fourhourworkweek.com/blog/2013/12/16/beethoven-maya-angelou-francis-bacon/,'The Odd (And Effective) Routines of Famous Minds like Beethoven, Maya Angelou, and Francis Bacon',via The Blog of Author Tim Ferriss http://www.fourhourworkweek.com/blog,Unread
http://www.fourhourworkweek.com/blog/2013/12/15/daily-rituals-mason-currey/,'Daily Rituals -- The Tim Ferriss Book Club, Book #2',via The Blog of Author Tim Ferriss http://www.fourhourworkweek.com/blog,Unread
http://www.fourhourworkweek.com/blog/2013/12/09/the-ugly-new-york-times-bestseller-the-creative-process-in-action/,The Ugly New York Times Bestseller -- The Creative Process in Action,via The Blog of Author Tim Ferriss http://www.fourhourworkweek.com/blog,Unread
http://www.fourhourworkweek.com/blog/2013/12/08/jony-ive/,Jony Ive’s Secret Coffee Ritual,via The Blog of Author Tim Ferriss http://www.fourhourworkweek.com/blog,Unread
http://www.fourhourworkweek.com/blog/2013/11/08/how-to-dominate-any-tradeshow-and-why-even-solo-entrepreneurs-should-try/,'How to Dominate Any Tradeshow, and Why Even Solo Entrepreneurs Should Try',via The Blog of Author Tim Ferriss http://www.fourhourworkweek.com/blog,Unread
http://www.fourhourworkweek.com/blog/2013/11/03/productivity-hacks/,'"Productivity" Tricks for the Neurotic, Manic-Depressive, and Crazy (Like Me)',via The Blog of Author Tim Ferriss http://www.fourhourworkweek.com/blog,Unread
http://www.fourhourworkweek.com/blog/2013/10/28/business-mentorship-and-muses/,'How to Create a $4,000 Per Month Muse in 5 Days (Plus: How to Get Me As Your Mentor)',via The Blog of Author Tim Ferriss http://www.fourhourworkweek.com/blog,Unread
http://www.fourhourworkweek.com/blog/2013/05/11/how-to-gain-20-pounds-in-28-days-the-extreme-muscle-building-secrets-of-ufc-fighters/?utm_source=feedburner&utm_medium=feed&utm_campaign=Feed%3A+timferriss+%28The+Blog+of+Author+Tim+Ferriss%29,How To Gain 20 Pounds In 28 Days: The Extreme Muscle Building Secrets of UFC Fighters,from The Blog of Author Tim Ferriss http://www.fourhourworkweek.com/blog,Unread
http://www.fourhourworkweek.com/blog/2013/05/06/how-to-cut-weight-ufc/?utm_source=feedburner&utm_medium=feed&utm_campaign=Feed%3A+timferriss+%28The+Blog+of+Author+Tim+Ferriss%29,How To Lose 20-30 Pounds In 5 Days: The Extreme Weight Cutting and Rehydration Secrets of UFC Fighters,from The Blog of Author Tim Ferriss http://www.fourhourworkweek.com/blog,Unread
http://www.fourhourworkweek.com/blog/2013/05/02/a-few-thoughts-on-content-creation-monetization-and-strategy/?utm_source=feedburner&utm_medium=feed&utm_campaign=Feed%3A+timferriss+%28The+Blog+of+Author+Tim+Ferriss%29,'A Few Thoughts on Content Creation, Monetization, and Strategy',from The Blog of Author Tim Ferriss http://www.fourhourworkweek.com/blog,Unread
http://www.fourhourworkweek.com/blog/2013/05/01/family-fat-loss-foodist/?utm_source=feedburner&utm_medium=feed&utm_campaign=Feed%3A+timferriss+%28The+Blog+of+Author+Tim+Ferriss%29,Jedi Mind Tricks: How to Get Loved Ones to Lose Weight,from The Blog of Author Tim Ferriss http://www.fourhourworkweek.com/blog,Unread
http://www.fourhourworkweek.com/blog/2013/04/24/how-to-online-business/?utm_source=feedburner&utm_medium=feed&utm_campaign=Feed%3A+timferriss+%28The+Blog+of+Author+Tim+Ferriss%29,'Case Studies: How to Build Online Businesses That Gross $250,000+ Per Month',from The Blog of Author Tim Ferriss http://www.fourhourworkweek.com/blog,Unread
http://www.fourhourworkweek.com/blog/2013/04/15/how-to-get-a-book-deal/?utm_source=feedburner&utm_medium=feed&utm_campaign=Feed%3A+timferriss+%28The+Blog+of+Author+Tim+Ferriss%29,How a First-Time Author Got a 7-Figure Book Deal,from The Blog of Author Tim Ferriss http://www.fourhourworkweek.com/blog,Unread
http://www.fourhourworkweek.com/blog/2013/04/04/how-to-make-1000000-selling-e-books-tactics-and-case-studies/,'How to (Really) Make $1,000,000 Selling E-Books – Real-World Case Studies',from The Blog of Author Tim Ferriss http://www.fourhourworkweek.com/blog,Unread
http://www.fourhourworkweek.com/blog/2013/03/25/the-dream-merchant-waitzkin/?utm_source=feedburner&utm_medium=feed&utm_campaign=Feed%3A+timferriss+%28The+Blog+of+Author+Tim+Ferriss%29,The Alchemy of Writing — More Tips from a Pro,from The Blog of Author Tim Ferriss http://www.fourhourworkweek.com/blog,Unread
http://www.fourhourworkweek.com/blog/2013/03/24/the-alchemy-of-writing-tips-from-a-non-fiction-and-fiction-pro/?utm_source=feedburner&utm_medium=feed&utm_campaign=Feed%3A+timferriss+%28The+Blog+of+Author+Tim+Ferriss%29,The Alchemy of Writing — Tips from a Non-Fiction and Fiction Pro,from The Blog of Author Tim Ferriss http://www.fourhourworkweek.com/blog,Unread
http://www.fourhourworkweek.com/blog/2013/02/07/how-to-memorize-a-shuffled-deck-of-cards-in-less-than-60-seconds/?utm_source=feedburner&utm_medium=feed&utm_campaign=Feed%3A+timferriss+%28The+Blog+of+Author+Tim+Ferriss%29,'How to Memorize a Shuffled Deck of Cards in Less Than 60 Seconds (Plus: $10,000 Challenge)',from The Blog of Author Tim Ferriss http://www.fourhourworkweek.com/blog,Unread
http://www.fourhourworkweek.com/blog/2013/02/01/case-study-what-does-a-real-4-hour-workweek-look-like-with-a-family/?utm_source=feedburner&utm_medium=feed&utm_campaign=Feed%3A+timferriss+%28The+Blog+of+Author+Tim+Ferriss%29,Case Study: What Does a Real 4-Hour Workweek Look Like…With a Family?,from The Blog of Author Tim Ferriss http://www.fourhourworkweek.com/blog,Unread
http://www.fourhourworkweek.com/blog/2013/01/27/eating-with-ufc-champion-georges-st-pierre-the-diet-he-used-to-transform-himself-2/?utm_source=feedburner&utm_medium=feed&utm_campaign=Feed%3A+timferriss+%28The+Blog+of+Author+Tim+Ferriss%29,The Diet of UFC Champion Georges St-Pierre: How He Transformed Himself,from The Blog of Author Tim Ferriss http://www.fourhourworkweek.com/blog,Unread
http://www.fourhourworkweek.com/blog/2013/01/16/how-to-travel-through-20-countries-with-free-room-and-board/?utm_source=feedburner&utm_medium=feed&utm_campaign=Feed%3A+timferriss+%28The+Blog+of+Author+Tim+Ferriss%29,How to Travel Through 20+ Countries with Free Room and Board,from The Blog of Author Tim Ferriss http://www.fourhourworkweek.com/blog,Unread
http://www.fourhourworkweek.com/blog/2013/01/16/the-dangers-of-hero-worship-an-open-letter-from-ryan-hall/?utm_source=feedburner&utm_medium=feed&utm_campaign=Feed%3A+timferriss+%28The+Blog+of+Author+Tim+Ferriss%29,The Dangers of Hero Worship: An Open Letter from Ryan Hall,from The Blog of Author Tim Ferriss http://www.fourhourworkweek.com/blog,Unread
http://www.fourhourworkweek.com/blog/2012/12/18/hacking-kickstarter-how-to-raise-100000-in-10-days-includes-successful-templates-e-mails-etc/?utm_source=feedburner&utm_medium=feed&utm_campaign=Feed%3A+timferriss+%28The+Blog+of+Author+Tim+Ferriss%29,'Hacking Kickstarter: How to Raise $100,000 in 10 Days (Includes Successful Templates, E-mails, etc.)',from The Blog of Author Tim Ferriss http://www.fourhourworkweek.com/blog,Unread
http://www.fourhourworkweek.com/blog/2012/11/16/the-magic-of-thinking-big-how-to-break-world-records-in-times-square/?utm_source=feedburner&utm_medium=feed&utm_campaign=Feed%3A+timferriss+%28The+Blog+of+Author+Tim+Ferriss%29,The Magic of Thinking Big – How to Break World Records in Times Square,from The Blog of Author Tim Ferriss http://www.fourhourworkweek.com/blog,Unread
http://www.fourhourworkweek.com/blog/2007/07/11/how-to-travel-the-world-with-10-pounds-or-less-plus-how-to-negotiate-convertibles-and-luxury-treehouses/,How to Travel the World with 10 Pounds or Less (Plus: How to Negotiate Convertibles and Luxury Treehouses),from The Blog of Author Tim Ferriss http://www.fourhourworkweek.com,Unread
http://www.fourhourworkweek.com/blog/2012/12/01/how-to-become-a-food-writer/?utm_source=feedburner&utm_medium=feed&utm_campaign=Feed%3A+timferriss+%28The+Blog+of+Author+Tim+Ferriss%29,How to Become a Great (Food) Writer: The Big Secret,from The Blog of Author Tim Ferriss http://www.fourhourworkweek.com/blog,Unread
http://www.fourhourworkweek.com/blog/2012/11/12/the-magic-of-apprenticeship-a-how-to-guide/?utm_source=feedburner&utm_medium=feed&utm_campaign=Feed%3A+timferriss+%28The+Blog+of+Author+Tim+Ferriss%29,The Magic of Apprenticeship — A How-To Guide,from The Blog of Author Tim Ferriss http://www.fourhourworkweek.com/blog,Unread
http://www.fourhourworkweek.com/blog/2012/08/12/understanding-the-dangers-of-ego-depletion/?utm_source=feedburner&utm_medium=feed&utm_campaign=Feed%3A+timferriss+%28The+Blog+of+Author+Tim+Ferriss%29,Understanding the Dangers of “Ego-Depletion”,from The Blog of Author Tim Ferriss http://www.fourhourworkweek.com/blog,Unread
http://www.fourhourworkweek.com/blog/2012/04/04/playing-b-ball-with-obama-6-steps-to-crossing-anything-off-your-bucket-list/?utm_source=feedburner,Playing B-Ball with Obama: 6 Steps to Crossing Anything Off Your Bucket List,from www.fourhourworkweek.com http://www.fourhourworkweek.com,Unread
http://www.fourhourworkweek.com/blog/2012/07/18/ryan-holiday/?utm_source=feedburner&utm_medium=feed&utm_campaign=Feed%3A+timferriss+%28The+Blog+of+Author+Tim+Ferriss%29,'The 5 Top-Performing American Apparel Ads, and How They Get PR for Free (NSFW)',from The Blog of Author Tim Ferriss http://www.fourhourworkweek.com/blog,Unread
http://www.fourhourworkweek.com/blog/2012/06/14/reid-hoffman/?utm_source=feedburner&utm_medium=feed&utm_campaign=Feed%3A+timferriss+%28The+Blog+of+Author+Tim+Ferriss%29,'How to Take Intelligent Career Risk (and Win Mentoring from Reid Hoffman, Chairman of LinkedIn)',from The Blog of Author Tim Ferriss http://www.fourhourworkweek.com/blog,Unread
http://www.fourhourworkweek.com/blog/2012/06/11/exclusive-warren-buffett-a-few-lessons-for-investors-and-managers/?utm_source=feedburner&utm_medium=feed&utm_campaign=Feed%3A+timferriss+%28The+Blog+of+Author+Tim+Ferriss%29,  Exclusive Warren Buffett – A Few Lessons for Investors and Managers,from The Blog of Author Tim Ferriss http://www.fourhourworkweek.com/blog,Unread
http://www.fourhourworkweek.com/blog/2009/08/24/letter-from-a-birmingham-jail/,  How to Respond to Criticism – Learning from Dr. King,from www.fourhourworkweek.com http://www.fourhourworkweek.com,Unread
http://www.fourhourworkweek.com/blog/2012/04/22/how-to-build-an-app-empire-can-you-create-the-next-instagram/?utm_source=feedburner&utm_medium=feed&utm_campaign=Feed%3A+timferriss+%28The+Blog+of+Author+Tim+Ferriss%29,How to Build an App Empire: Can You Create The Next Instagram?,from The Blog of Author Tim Ferriss http://www.fourhourworkweek.com/blog,Unread
http://www.fourhourworkweek.com/blog/2010/07/05/how-to-create-your-own-real-world-mba-part-ii/,  How to Create Your Own Real-World MBA – II,from www.fourhourworkweek.com http://www.fourhourworkweek.com,Unread
http://www.fourhourworkweek.com/blog/2009/01/20/learning-language/,How to Learn Any Language in 3 Months,,Unread
http://www.fourhourworkweek.com/blog/2009/09/21/how-to-lucid-dream/,  Lucid Dreaming: A Beginner’s Guide,from www.fourhourworkweek.com http://www.fourhourworkweek.com,Unread
